<?xml version="1.0" encoding="UTF-8" ?>
<!DOCTYPE configuration
  PUBLIC "-//mybatis.org//DTD Config 3.0//EN"
  "https://mybatis.org/dtd/mybatis-3-config.dtd">
<configuration>
  <environments default="develpment">
        <environment id="develpment">
            <transactionManager type="JDBC" />
            <dataSource type="POOLED">
                <property name="driver" value="com.mysql.cj.jdbc.Driver" />
                <property name="url"
                    value="jdbc:mysql://localhost:3306/javaweb" />
                <property name="username" value="root" />
                <property name="password" value="rpass" />
            </dataSource>
        </environment>
    </environments>
  <mappers>
    <mapper resource="member/mybatis/mapper/member.xml"/>
    <mapper resource="member/mybatis/mapper/member-interface.xml"/>
  </mappers>
</configuration>